Package Name,Version,Time
com.tapuniverse.aiartgenerator,2.1.2,32.741
com.inforcegames.app3dmodelling,1.15.14,4.569
tattooz.tattoo.maker.name.on.my.photo,1.5.9,302.277
video.downloader.videodownloader.tube,1.30.1,76.498
com.ezp.tattoo,1.1.3,49.464
com.behance.behance,7.1.2,1192.857
com.scaleup.dreame,1.3.5,55.101
com.doodle.master.draw.glow.art,2.2.8,783.084
ai.art.generated.drawing.anime.photo.dream,1.1.4,421.853
com.ai.profile,1.6.5,151.535
com.chapter3.fbr.battleroyale,2.0,56.501
com.tattoo.maker.design.app,2.3.2,569.063
com.lockerroom.beautysnap.camera.photoeditor,1.3.4,87.534
com.quarzo.paintmandalas,2.1.0,13.55
com.mstech.photoeditor,4.0,19.256
com.artfiltersai.apps.deepart,7.1.1.7,54.219
com.hoj.kids.art.board.drawing.games,1.0.3,12.417
com.fourksoft.genzart,2.0,20.519
com.effect.movie.camera.magic.super,1.2,19.834
com.whidev.mapchart,4.5.5,25.302
com.womboai.wombodream,2.4.2,101.011
com.wave.wavesome.ai.image.generator,1.0.31,87.021
jp.ne.ibis.ibispaintx.app,10.0.8,199.431
com.zxaeclub.codebyanju.project.drawingpadpro,4.3.0.1,385.237
com.graphic.design.space.print.sticker,3.3,43.213
alpha.sticker.maker,1.32,714.232
com.SpartanApps.AutoGamingLogoMaker,1.0.13,13.601
com.storyfont.android,1.1.7,23.416
com.crafto.android,4.6.3,814.0
com.eyewind.paperone,2.5.5,28.337
com.agascreative.elposer3d,Varies with device,6.047
aesthetic.wallpaper,1010,18.735
co.appnation.artgenerator,2.0.0,39.928
com.sec.penup,Varies with device,181.851
com.linhoapps.sgraffito,3.12.0,190.149
com.studio.zm.mehndidesign2021offline,1.5.6,13.36
com.SoftwareentwicklungKemper.SmartHomeDesign,2.9,2.889
com.raed.sketchbook,4.4.2,39.915
com.colorbynumber.unicorn.pixel.art.aiart.draw.paintbynumber,1.1.1,124.052
com.craiyon.twa,6,2.208
com.emavisuals.immaginai,3.0.0,11.565
com.coolstickers.namestickers,2.2.2,27.442
co.coolors.android,1.2.0,1.98
udenity.draw.weapons,3.0.1,17.051
diy.crafts.free,3.0.255,57.773
ktech.sketchar,6.43.0-play,623.563
com.ng_labs.kidspaint,5,6.072
anime.art.paint.tap.color.by.number.free,1.9.0,157.224
com.avatargenerator.ai,2.3.0,76.136
com.appxstudio.postro,1.1.1,807.899
com.appolo13.stickmandrawanimation,4.1.8,464.31
com.ssfa.picture.drawai,1.0.2.101,529.368
how.draw.cutefood,3.0.1,16.312
com.dephotos.crello,2.34.0,160.91
com.adobe.creativeapps.gather,9.1 (3372),972.103
com.starryai,1.9.1,107.053
com.brianmason101.waifu.maker,2.3.6,21.985
com.kanishka_developer.SketchPad,2.1.1,59.784
com.canva.editor,2.210.0,439.735
com.zimad.magicpaintings,2.26.0,396.584
com.stephaneginier.nomad,1.76,3.22
com.nftnow,2.6,23.23
com.raed.drawing,2.4.0,31.756
com.number.draw.ly.color.by.number.pixel.art.sandbox.coloring,3.3.5,626.036
splendid.postermaker.designer,8.3,50.496
com.recover.deleted.data.photo.data.recovery,5,37.151
udenity.draw.animals,3.0.1,16.733
com.Endvoid.SculptPlus,2023.3.29,5.092
tattoo.images.designs,15,328.127
poster.maker.art.design,8.2,63.85
jp.nekomimimi.dot,2.2.9,2.89
com.mmicunovic.papercopy,2.0.3,17.179
art.dreamerai.android,1.1.8,264.621
com.aiavatr.artgenerator.aimaker,2.6,243.291
com.figma.mirror,23.0.0,None
com.stablediffusion.dream_art_app,1.3.0,7.905
com.solodevs.fortnitewallpapermaker,3.0.6,14.446
com.customdesignapps.tshirtproblue,1.0.18,34.491
anime.art.paint.tap.color.by.number.lite,1.0.5,251.246
com.apliarte.calcaapp,81.0.0,30.431
com.create.pottery.paint.by.color,1.4.7,307.698
com.ioslauncher.free2,Varies with device,56.491
com.teazel.coloring,Varies with device,58.426
com.iArt.book,1.0,179.045
com.smartwidgetlabs.aiart,1.2.8,444.295
com.wallpaper4you.nfl_american_football_wallpaper_playertim,1.0,86.901
com.cross.stitch.color.by.number,1.4.7,1029.725
com.sumoing.recolor,5.7.2,396.186
com.oshirtshop.com.designer,3.6.3,47.185
com.gotivagames.draughts.checkers,1.3.13,192.216
com.nra.flyermaker,90.0,77.739
anime.face.changer.cartoon.photo_editor,6.13,141.538
fr.moblo,23.03.1,3.172
com.ripl.android,4.0.879,253.781
com.bg.logomaker,41.0,91.455
com.cricut.joy.app,2.5.0,91.416
com.khoben.fontpicker,1.4.24,17.983
com.magicposernew,1.56.1,22.447
com.dealdash,5.15.4,106.816
com.camera.sketch.camera.pencil,5.0,51.964
com.onetap.bit8painter,1.20.0,17.144
com.appme.singpets,1.50,82.032
com.hubx.imagination,2.8.5,153.155
com.logomaster.createlogo.makelogo.designer.canvafree,1.0.2,353.494
com.redberry.glitter123Abc,4.6,27.918
com.dream.ai.draw.image.dreampainting,1.33,180.515
com.ng_labs.paint,3.2,10.095
com.logomaster.logomaker,2.0.2,439.608
com.vblast.flipaclip,3.3.2,1205.976
com.createlogo.logomaker,1.4.4,50.405
com.covermaker.thumbnail.maker,11.8.45,50.058
air.com.KalromSystems.SandDrawLite,4.8.5,11.097
com.tophatch.concepts,2023.03.3,44.686
com.articoapps.wedraw,3.1.3,24.976
com.veraxen.colorbynumber.oilpainting,1.24.2,2297.786
com.hugelettuce.unidream.ai.drawing,1.2.2,201.528
com.lemgstudio.fortnitewallpapereditor,1.0.5,5.679
ai.art.camera.photo.generated.lansa.beauty,1.0.2,261.718
com.Gacha.Club.whose.main.objectivez,1.0,95.562
com.medibang.android.paint.tablet,25.5,748.698
com.PixelStudio,4.57,64.075
com.hailostudio.aiphotogenerator,1.4.0,10.876
xyz.castle,103.0,38.777
ai.generated.art.maker.image.picture.photo.generator.painting,2.7.3,480.247
com.redberry.glitterdressa2,6.0,17.723
com.adobe.spark.post,8.15.0,924.196
ai.imgit.art_generator,1.1.5,38.911
com.cool.stylish.text.art.fancy.color.creator,4.6.9,206.801
com.paint.bynumber.color.coloringgames,2.011,1763.944
com.magicdoodleart.quickdrawingapp,5.1.7,86.721
com.lightricks.photoleap,1.12.2,535.24
com.cg.android.babycountdown,1.0.13.20221027.1,254.303
com.pixilart.app,1.4.1,3.175
io.opensea,2.14.0,319.369
com.magicimage.differintavtar,1.0,44.468
com.dodoindex.imiprompt,1.3.14,16.886
co.theguru.sch,4.995.12,105.602
com.artai,3.03,26.101
com.diamond.art.color.by.number,2.1.1,675.297
com.art.coloringbook.game,1.1.0,143.594
art.ai.drawing.generator,1.171,2.765
com.bytestorm.artflow,2.9.26,16.53
com.rainbowartgenerator.rainbow_ai,1.4.4,33.757
com.JassAppx.LogoMaker_LogoCreator_LogoDesign,1.4,18.964
design.vek.color_gear.lite,3.1.1-lite,7.992
aiart.generator.aigc,1.0.50,88.856
com.simplemobiletools.draw,5.3.2,12.713
com.artoon.logomaker,6.1,248.647
com.SilhouetteSoftware.SilhouetteGo,1.0 (956,2.963
textcap.addtextonphoto.picture.texteditor,1.6,71.503
com.shimeji.dev.op,1.1,39.189
com.jms.coloring.club,15.9,44.078
com.brakefield.idfree,3.5.6,26.906
com.cosmoshark.text,1.3.7,22.747
com.fantasy.booth,2.4,69.434
com.birthday.birthdayinvitation,1.2.1,51.845
com.tesseractmobile.aiart,1.0.274-release,116.455
com.svg.designs.for.design.space,1.5,21.536
com.apowersoft.backgrounderaser,1.7.2,149.607
org.contentarcade.apps.logomaker,42.49,138.513
com.colorbynumber.unicorn.pixel.art.pokepix1.draw.paintbynumber,1.0.3,104.055
com.rstream.learndrawing,Varies with device,60.687
com.aidealab.aipicasso,1.0.14,69.893
com.appxstudio.smokearteffect,1.1.2,100.662
com.delgeo.desygner,4.9.5,850.901
com.alexmojaki.quiggles,public_8,99.985
com.world.globle.tracesketch.rp,1.6,34.356
com.zimad.mpixel,2.26.0,858.979
com.iyousoft.eden,1.3.0,54.396
com.nft.creator.nftartmaker.crypto,3.2.8,480.797
com.tattoo.body.name.girls.boys.photo.editor,2.3.2,761.765
com.supono.dalleaigenerator,1.4.2,32.855
com.magic.ai.android,2.6.4,2.556
com.tayasui.sketches,1.3.16,6.515
com.vyroai.aiart,2.4.2,490.666
com.advancedweb.tracing_paper_sketching,1.0.0,10.854
com.drawing.pad.desk.app.coloring.book.paint.sketch, Sketch Pad,24.744
toon.photo.cartoon.editor,2.1.7,715.692
com.aige.hipaint,4.1.0,1.867
com.OneManBand.PoseIt,2.1.2,2.221
learn.all.anime.drawing,3.0.259,64.793
com.enderman.skins.scary.noob.anime,2.9,360.127
com.picso.android,1.13.2,41.391
com.sweefitstudios.drawgraffiticreator,2.6,12.294
com.inknangels.TatAngel,175,3.929
com.madcat.easyposer,1.5.63,29.485
com.codeway.wonder,2.9.32,833.154
com.logo.maker.creator.generator.graphic.designer,1.3.5,46.006
com.adsk.sketchbook,5.3.1,25.993
