com.robloxrainbowmodforgarrys.modroblox,1.0,https://d.apkpure.com/b/APK/com.robloxrainbowmodforgarrys.modroblox?version=latest
com.novelss.weread,1.2.7,https://d.apkpure.com/b/APK/com.novelss.weread?version=latest
com.comics.mangalek,2.33,https://d.apkpure.com/b/APK/com.comics.mangalek?version=latest
com.webcomics.manga,3.1.73,https://d.apkpure.com/b/APK/com.webcomics.manga?version=latest
com.LeagueofComicGeeks.app2,3.2.0,https://d.apkpure.com/b/APK/com.LeagueofComicGeeks.app2?version=latest
com.csmart.cartooncomic.stripmaker,3.6,https://d.apkpure.com/b/APK/com.csmart.cartooncomic.stripmaker?version=latest
com.hipcomic,1.1,https://d.apkpure.com/b/APK/com.hipcomic?version=latest
com.rebotoauuet.animeya,1.0.2,https://d.apkpure.com/b/APK/com.rebotoauuet.animeya?version=latest
com.marvel.unlimited,7.40.0,https://d.apkpure.com/b/APK/com.marvel.unlimited?version=latest
com.comikey.banagher,23.04.12,https://d.apkpure.com/b/APK/com.comikey.banagher?version=latest
com.viewer.comicscreen,2240,https://d.apkpure.com/b/APK/com.viewer.comicscreen?version=latest
com.bestbuy.android,23.3.20,https://d.apkpure.com/b/APK/com.bestbuy.android?version=latest
com.io.voyceme,1.1.1,https://d.apkpure.com/b/APK/com.io.voyceme?version=latest
com.bl.cod.black.ops,1.8.20,https://d.apkpure.com/b/APK/com.bl.cod.black.ops?version=latest
com.viz.wsj.android,4.3.16,https://d.apkpure.com/b/APK/com.viz.wsj.android?version=latest
com.bitzstudionewgame.probluehedgehogsonicruns,1.0.0,https://d.apkpure.com/b/APK/com.bitzstudionewgame.probluehedgehogsonicruns?version=latest
com.avatarmaker.cartoonmaker,3.0.2,https://d.apkpure.com/b/APK/com.avatarmaker.cartoonmaker?version=latest
com.Pygmies.superhero.flash.rescue.free,1.11,https://d.apkpure.com/b/APK/com.Pygmies.superhero.flash.rescue.free?version=latest
com.vizmanga.android,4.3.16,https://d.apkpure.com/b/APK/com.vizmanga.android?version=latest
com.darkhorse.digital,1.4.17,https://d.apkpure.com/b/APK/com.darkhorse.digital?version=latest
com.khurogames.bluehedgehog.ropehero,1.2,https://d.apkpure.com/b/APK/com.khurogames.bluehedgehog.ropehero?version=latest
com.inkr.comics,2.12.10,https://d.apkpure.com/b/APK/com.inkr.comics?version=latest
com.Mensajes.buena.manana.tarde.noche,1.4.9,https://d.apkpure.com/b/APK/com.Mensajes.buena.manana.tarde.noche?version=latest
co.azuki.app,2.0.1,https://d.apkpure.com/b/APK/co.azuki.app?version=latest
com.nhn.android.webtoon,2.6.3,https://d.apkpure.com/b/APK/com.nhn.android.webtoon?version=latest
app.vozesclonadas,1.0.19,https://d.apkpure.com/b/APK/app.vozesclonadas?version=latest
com.manga.library.online,1.3,https://d.apkpure.com/b/APK/com.manga.library.online?version=latest
com.bomcomics.bomtoon.playstore,2.0.79,https://d.apkpure.com/b/APK/com.bomcomics.bomtoon.playstore?version=latest
sunnary.bibleforchildren,5.1.0,https://d.apkpure.com/b/APK/sunnary.bibleforchildren?version=latest
co.pamobile.pokemon.cardmaker,2.4.8,https://d.apkpure.com/b/APK/co.pamobile.pokemon.cardmaker?version=latest
mobi.mangatoon.comics.aphone,3.02.06,https://d.apkpure.com/b/APK/mobi.mangatoon.comics.aphone?version=latest
dme.systems.zebra_comics,1.0.7.3,https://d.apkpure.com/b/APK/dme.systems.zebra_comics?version=latest
alpha.hd.sexy.anime.wallpaper,1.0,https://d.apkpure.com/b/APK/alpha.hd.sexy.anime.wallpaper?version=latest
com.kyawgyi.yp,1.9,https://d.apkpure.com/b/APK/com.kyawgyi.yp?version=latest
alpha.hd.anime.girls.wallpapers,2.01,https://d.apkpure.com/b/APK/alpha.hd.anime.girls.wallpapers?version=latest
com.bunnymod.attacksgram,1.0,https://d.apkpure.com/b/APK/com.bunnymod.attacksgram?version=latest
net.explosm.CyanideAndHappiness,3.3,https://d.apkpure.com/b/APK/net.explosm.CyanideAndHappiness?version=latest
com.cartoontv.cartoononline.hd,1.7,https://d.apkpure.com/b/APK/com.cartoontv.cartoononline.hd?version=latest
com.cloudgaming.station.android.project,1.0,https://d.apkpure.com/b/APK/com.cloudgaming.station.android.project?version=latest
jp.co.shueisha.mangaplus,1.9.10,https://d.apkpure.com/b/APK/jp.co.shueisha.mangaplus?version=latest
com.hv.army.toys.war.attack.shooting.game,1.5,https://d.apkpure.com/b/APK/com.hv.army.toys.war.attack.shooting.game?version=latest
com.animetv.animeonline0230114,1.0.2,https://d.apkpure.com/b/APK/com.animetv.animeonline0230114?version=latest
com.contentsfirst.tappytoon,Varies with device,https://d.apkpure.com/b/APK/com.contentsfirst.tappytoon?version=latest
br.com.escolhatecnologia.voztradutor,6.0.6,https://d.apkpure.com/b/APK/br.com.escolhatecnologia.voztradutor?version=latest
com.shortboxed,2.5.1,https://d.apkpure.com/b/APK/com.shortboxed?version=latest
com.toryworks.torycomics,1.9.1,https://d.apkpure.com/b/APK/com.toryworks.torycomics?version=latest
com.icollect.comic,7.9.0,https://d.apkpure.com/b/APK/com.icollect.comic?version=latest
com.lalatoon.android,1.1.5,https://d.apkpure.com/b/APK/com.lalatoon.android?version=latest
com.EpicGaming.Centrale.Inc.BattleRoyale.AllSeasons.Game,Battle,https://d.apkpure.com/b/APK/com.EpicGaming.Centrale.Inc.BattleRoyale.AllSeasons.Game?version=latest
net.manta.comic,23.4.269,https://d.apkpure.com/b/APK/net.manta.comic?version=latest
air.com.winkypinky.iceprincessmakeupsalonforsisters,Varies with device,https://d.apkpure.com/b/APK/air.com.winkypinky.iceprincessmakeupsalonforsisters?version=latest
com.avatarschatanime,1.3,https://d.apkpure.com/b/APK/com.avatarschatanime?version=latest
com.tapastic,6.7.5,https://d.apkpure.com/b/APK/com.tapastic?version=latest
fr.airweb.izneo,9.7.3,https://d.apkpure.com/b/APK/fr.airweb.izneo?version=latest
com.progdigy.cdisplay.free,Varies with device,https://d.apkpure.com/b/APK/com.progdigy.cdisplay.free?version=latest
com.square_enix.android_googleplay.mangaup_global,1.8.0,https://d.apkpure.com/b/APK/com.square_enix.android_googleplay.mangaup_global?version=latest
yanyan.sexy.anime.girl.wallpaper,1.01,https://d.apkpure.com/b/APK/yanyan.sexy.anime.girl.wallpaper?version=latest
com.garrysscpmod.modforgarry0scp,1.0,https://d.apkpure.com/b/APK/com.garrysscpmod.modforgarry0scp?version=latest
com.weaponsforgarrys.modgarrys,1.0,https://d.apkpure.com/b/APK/com.weaponsforgarrys.modgarrys?version=latest
com.akaya.akayamedia,1.0.10.120103,https://d.apkpure.com/b/APK/com.akaya.akayamedia?version=latest
com.ebookrenta.en_app,Varies with device,https://d.apkpure.com/b/APK/com.ebookrenta.en_app?version=latest
com.whakoom.app,1.2.44,https://d.apkpure.com/b/APK/com.whakoom.app?version=latest
com.initialcoms.ridi,23.3.2,https://d.apkpure.com/b/APK/com.initialcoms.ridi?version=latest
com.bilibili.comic.intl,3.1.1,https://d.apkpure.com/b/APK/com.bilibili.comic.intl?version=latest
com.epicgame.battleroyaleseason6,19,https://d.apkpure.com/b/APK/com.epicgame.battleroyaleseason6?version=latest
com.aldrinarciga.creepypastareader,4.1.3,https://d.apkpure.com/b/APK/com.aldrinarciga.creepypastareader?version=latest
com.mangamo.app,1.219.0,https://d.apkpure.com/b/APK/com.mangamo.app?version=latest
io.comico,5.2.0,https://d.apkpure.com/b/APK/io.comico?version=latest
com.naver.linewebtoon,2.12.3,https://d.apkpure.com/b/APK/com.naver.linewebtoon?version=latest
photo.smile.comic.dragonz,1.0.17,https://d.apkpure.com/b/APK/photo.smile.comic.dragonz?version=latest
eu.bandainamcoent.LNDC,3,https://d.apkpure.com/b/APK/eu.bandainamcoent.LNDC?version=latest
com.toomics.global.google,1.5.4,https://d.apkpure.com/b/APK/com.toomics.global.google?version=latest
com.alpha_manga.alphamanga,2.0.3,https://d.apkpure.com/b/APK/com.alpha_manga.alphamanga?version=latest
com.rookiestudio.perfectviewer,5.0.4.1,https://d.apkpure.com/b/APK/com.rookiestudio.perfectviewer?version=latest
com.mangareader.app,1.10,https://d.apkpure.com/b/APK/com.mangareader.app?version=latest
de.casparwre.insult,27,https://d.apkpure.com/b/APK/de.casparwre.insult?version=latest
com.collectorz.javamobile.android.comics,8.3.2,https://d.apkpure.com/b/APK/com.collectorz.javamobile.android.comics?version=latest
com.delitoon,2.0.5,https://d.apkpure.com/b/APK/com.delitoon?version=latest
com.COMICSMART.GANMA,7.3.3,https://d.apkpure.com/b/APK/com.COMICSMART.GANMA?version=latest
com.wael.mangamello,1.9.3,https://d.apkpure.com/b/APK/com.wael.mangamello?version=latest
photo.smile.comic.ninja,1.2.9.1,https://d.apkpure.com/b/APK/photo.smile.comic.ninja?version=latest
org.kill.geek.bdviewer,Varies with device,https://d.apkpure.com/b/APK/org.kill.geek.bdviewer?version=latest
com.rampokdolarlcc.stumbleguys,8.0,https://d.apkpure.com/b/APK/com.rampokdolarlcc.stumbleguys?version=latest
ru.androidtools.comic_book_magazine_reader_cbr_cbz,1.0.57,https://d.apkpure.com/b/APK/ru.androidtools.comic_book_magazine_reader_cbr_cbz?version=latest
com.keycollectorcomics.keycollector,3.5.13,https://d.apkpure.com/b/APK/com.keycollectorcomics.keycollector?version=latest
com.kool.towatchguide,1.0,https://d.apkpure.com/b/APK/com.kool.towatchguide?version=latest
com.comichub,1.40.7.3,https://d.apkpure.com/b/APK/com.comichub?version=latest
com.minecraft_Robot.modsformcpe_Roblox.pixelmonmod_Pikae,Minecraft ROBOT,https://d.apkpure.com/b/APK/com.minecraft_Robot.modsformcpe_Roblox.pixelmonmod_Pikae?version=latest
com.capstonestudio.expert.hunter.animals.hunting.sniper.safari.survival.freegame,3.7,https://d.apkpure.com/b/APK/com.capstonestudio.expert.hunter.animals.hunting.sniper.safari.survival.freegame?version=latest
com.lezhin.comics,2023.3.0,https://d.apkpure.com/b/APK/com.lezhin.comics?version=latest
com.wb.goog.dcuniverse,3.8.0,https://d.apkpure.com/b/APK/com.wb.goog.dcuniverse?version=latest
com.qq.mangalek,3.0,https://d.apkpure.com/b/APK/com.qq.mangalek?version=latest
com.fnfgame.fnaafgame,1.0,https://d.apkpure.com/b/APK/com.fnfgame.fnaafgame?version=latest
jp.co.amutus.comicle.mangaapp,1.0.2,https://d.apkpure.com/b/APK/jp.co.amutus.comicle.mangaapp?version=latest
four.anime.watch.anime.gogoanime,v1,https://d.apkpure.com/b/APK/four.anime.watch.anime.gogoanime?version=latest
marcostudios.funnyjokes,14.2.0,https://d.apkpure.com/b/APK/marcostudios.funnyjokes?version=latest
com.wednesday.prankcall,1.7,https://d.apkpure.com/b/APK/com.wednesday.prankcall?version=latest
com.jegulabs.mango,2023.0.3,https://d.apkpure.com/b/APK/com.jegulabs.mango?version=latest
com.zalivka.animation2,0.19.9,https://d.apkpure.com/b/APK/com.zalivka.animation2?version=latest
com.raptures.app,1.1.15,https://d.apkpure.com/b/APK/com.raptures.app?version=latest
